{
  "version": 1,
  "author": "Abner Silva",
  "editor": "wokwi",
  "parts": [
    { "type": "wokwi-esp32-devkit-v1", "id": "esp", "top": 46, "left": -79.33, "attrs": {} },
    {
      "type": "wokwi-led",
      "id": "led1",
      "top": -3.84,
      "left": 159.33,
      "attrs": { "color": "green" }
    },
    { "type": "wokwi-led", "id": "led2", "top": 50.17, "left": 188, "attrs": { "color": "blue" } },
    {
      "type": "wokwi-led",
      "id": "led3",
      "top": 105.5,
      "left": 221.33,
      "attrs": { "color": "yellow" }
    },
    { "type": "wokwi-led", "id": "led4", "top": -53.16, "left": 128, "attrs": { "color": "red" } },
    {
      "type": "wokwi-buzzer",
      "id": "bz1",
      "top": -57.16,
      "left": 28.66,
      "attrs": { "volume": "0.1" }
    },
    {
      "type": "wokwi-photoresistor-sensor",
      "id": "ldr1",
      "top": 261.5,
      "left": -211.33,
      "attrs": {}
    },
    {
      "type": "wokwi-pushbutton",
      "id": "btn1",
      "top": -71.71,
      "left": -83.42,
      "attrs": { "color": "blue" }
    },
    {
      "type": "wokwi-pushbutton",
      "id": "btn2",
      "top": -124.38,
      "left": -85.72,
      "attrs": { "color": "green" }
    }
  ],
  "connections": [
    [ "esp:TX0", "$serialMonitor:RX", "", [] ],
    [ "esp:RX0", "$serialMonitor:TX", "", [] ],
    [ "led4:C", "esp:GND.1", "green", [ "v0" ] ],
    [ "led3:C", "esp:GND.1", "green", [ "v0" ] ],
    [ "led2:C", "esp:GND.1", "green", [ "v0" ] ],
    [ "led1:C", "esp:GND.1", "green", [ "v0" ] ],
    [ "led4:A", "esp:D21", "green", [ "v0" ] ],
    [ "led1:A", "esp:D19", "green", [ "v0" ] ],
    [ "led2:A", "esp:D18", "green", [ "v0" ] ],
    [ "led3:A", "esp:D5", "green", [ "v0" ] ],
    [ "bz1:1", "esp:GND.1", "green", [ "v0" ] ],
    [ "bz1:2", "esp:D23", "green", [ "v0" ] ],
    [ "ldr1:GND", "esp:GND.1", "black", [ "h51.33", "v-92.94" ] ],
    [ "ldr1:VCC", "esp:VIN", "red", [ "h4.66", "v-62.27", "h-39.66" ] ],
    [ "ldr1:AO", "esp:D14", "green", [ "h23.33", "v-129.77", "h-58.33" ] ],
    [ "btn2:2.r", "esp:GND.1", "green", [ "h0" ] ],
    [ "btn1:2.r", "esp:GND.1", "green", [ "h0" ] ],
    [ "btn2:1.l", "esp:D33", "green", [ "h-20.21", "v240.16" ] ],
    [ "btn1:1.l", "esp:D32", "green", [ "h0" ] ]
  ]
}